﻿pos_x,pos_y,rotation,side,designator,mpn,pack,value,mount_type,place
91.3,-92.8,0.0,top,C101,,C_0603_1608Metric_Pad1.08x0.95mm_HandSolder,0.1uF,smt,True
113.2,-61.6,-90.0,top,C102,,C_0603_1608Metric_Pad1.08x0.95mm_HandSolder,0.1uF,smt,True
116.4,-61.6,-90.0,top,C103,,C_0805_2012Metric_Pad1.18x1.45mm_HandSolder,10uF,smt,True
121.7,-103.2,0.0,bottom,C104,,C_0603_1608Metric_Pad1.08x0.95mm_HandSolder,0.1uF,smt,True
125.4,-58.8,0.0,bottom,C105,,C_0603_1608Metric_Pad1.08x0.95mm_HandSolder,0.1uF,smt,True
125.6,-56.7,0.0,bottom,C106,,C_0805_2012Metric_Pad1.18x1.45mm_HandSolder,10uF,smt,True
131.7,-101.3,0.0,bottom,C107,,C_0805_2012Metric,1uF,smt,True
94.3,-65.6,90.0,top,C108,,C_0805_2012Metric_Pad1.18x1.45mm_HandSolder,4.7uF,smt,True
104.6,-63.7,-90.0,top,C109,,C_0805_2012Metric,1uF,smt,True
131.0,-65.0,-90.0,top,D101,,LED_0603_1608Metric_Pad1.05x0.95mm_HandSolder,LED RED,smt,True
92.0,-71.3,0.0,top,D102,,LED_0603_1608Metric_Pad1.05x0.95mm_HandSolder,LED RED,smt,True
92.0,-74.5,180.0,top,D103,,LED_0603_1608Metric_Pad1.05x0.95mm_HandSolder,LED GREEN,smt,True
101.3,-63.5,180.0,top,D104,,D_SOD-323_HandSoldering,NSR0340HT1G,smt,True
105.5,-60.8,0.0,top,FB101,,L_0805_2012Metric,BK2125HS601-T,smt,True
91.0,-84.9,-90.0,top,J101,,USB_C_5077CR-16-SMC2-BK-TR,USB_C_Receptacle_USB2.0_5077CR,smt,True
118.05,-114.825,-90.0,top,J102,,PinHeader_2x06_P2.54mm_Vertical,PINOUT,tht,True
89.2,-64.55,-90.0,bottom,J104,,JST_PH_B2B-PH-K_1x02_P2.00mm_Vertical,LiPo BATTERY,tht,True
110.1,-60.8,0.0,top,JP101,,SolderJumper-2_P1.3mm_Open_RoundedPad1.0x1.5mm,SolderJumper_2_Open,tht,True
100.1,-60.5,180.0,top,Q101,,MSOP-8_3x3mm_P0.65mm,IRF7606PBF,smt,True
91.3,-96.2,0.0,top,R101,,R_0805_2012Metric_Pad1.20x1.40mm_HandSolder,10K,smt,True
128.5,-73.1,-90.0,top,R102,,R_0805_2012Metric_Pad1.20x1.40mm_HandSolder,10K,smt,True
126.5,-64.7,-90.0,top,R103,,R_0805_2012Metric_Pad1.20x1.40mm_HandSolder,10K,smt,True
114.4,-107.6,180.0,bottom,R104,,R_10mOHM,10m,smt,True
119.35,-101.25,180.0,bottom,R105,,R_0805_2012Metric_Pad1.20x1.40mm_HandSolder,10K,smt,True
125.9,-64.7,180.0,bottom,R106,,R_0805_2012Metric_Pad1.20x1.40mm_HandSolder,20K 1%,smt,True
120.9,-64.7,180.0,top,R107,,R_0805_2012Metric_Pad1.20x1.40mm_HandSolder,12K 1%,smt,True
115.0,-95.3,0.0,bottom,R108,,R_0805_2012Metric_Pad1.20x1.40mm_HandSolder,10K,smt,True
119.05,-98.75,180.0,bottom,R109,,R_0805_2012Metric_Pad1.20x1.40mm_HandSolder,10K,smt,True
113.7,-57.3,180.0,top,R110,,R_0805_2012Metric_Pad1.20x1.40mm_HandSolder,10K,smt,True
128.85,-96.2,0.0,bottom,R111,,R_0805_2012Metric_Pad1.20x1.40mm_HandSolder,10K,smt,True
103.1,-69.2,0.0,top,R112,,R_0805_2012Metric_Pad1.20x1.40mm_HandSolder,2K,smt,True
130.0,-68.4,0.0,top,R113,,R_0805_2012Metric_Pad1.20x1.40mm_HandSolder,1K,smt,True
93.4,-71.35,180.0,bottom,R114,,R_0805_2012Metric_Pad1.20x1.40mm_HandSolder,330,smt,True
93.4,-74.55,0.0,bottom,R115,,R_0805_2012Metric_Pad1.20x1.40mm_HandSolder,330,smt,True
99.1,-57.7,-90.0,bottom,R116,,R_0805_2012Metric_Pad1.20x1.40mm_HandSolder,20K 1%,smt,True
96.8,-57.7,90.0,bottom,R117,,R_0805_2012Metric_Pad1.20x1.40mm_HandSolder,20K 1%,smt,True
95.0,-73.25,-90.0,top,R118,,R_0805_2012Metric_Pad1.20x1.40mm_HandSolder,100K,smt,True
89.2,-106.9,90.0,bottom,R119,,R_0805_2012Metric_Pad1.20x1.40mm_HandSolder,330,smt,True
123.2,-107.3,90.0,bottom,R120,,R_0805_2012Metric_Pad1.20x1.40mm_HandSolder,330,smt,True
112.95,-75.85,0.0,bottom,R121,,R_0805_2012Metric_Pad1.20x1.40mm_HandSolder,10K,smt,True
117.6,-75.8,180.0,bottom,R122,,R_0805_2012Metric_Pad1.20x1.40mm_HandSolder,10K,smt,True
90.6,-86.6,0.0,bottom,R123,,R_0603_1608Metric,5.1K,smt,True
90.55,-83.6,0.0,bottom,R124,,R_0603_1608Metric,5.1K,smt,True
130.475,-84.05,90.0,top,SW101,,TS-06104,TS-06104,smt,True
130.475,-97.4,90.0,top,SW102,,TS-06104,TS-06104,smt,True
94.8,-108.2,0.0,top,SW103,,LS601-CU_CAP,SW_Push_LED,tht,True
128.7,-108.2,0.0,top,SW104,,LS601-CU_CAP,SW_Push_LED,tht,True
91.1,-57.0,-90.0,top,SW105,,SLIDE_SW_IS1235-G,SLIDE_SW,tht,True
111.95,-59.605085,180.0,bottom,U101,,IC18_ESP32-C3-WROOM-02-N4_EXP,ESP32-C3-WROOM-02-N4,smt,True
114.7,-101.1,-90.0,bottom,U102,,VSSOP-10_3x3mm_P0.5mm,INA228,smt,True
120.8625,-61.55,0.0,top,U103,,SOT-23-5,SPX3819M5-L,smt,True
98.3,-68.0,-90.0,top,U104,,SOT-23-5,MCP73831-2-OT,smt,True
111.75,-86.05,0.0,top,U105,,OLED SSD1331 SPI DISPLAY,SSD1331_DISPLAY,tht,True
