﻿designator,quantity,value,pack,mpn,mount_type
"C101, C102, C104, C105",4,0.1uF,C_0603_1608Metric_Pad1.08x0.95mm_HandSolder,,smt
"C103, C106",2,10uF,C_0805_2012Metric_Pad1.18x1.45mm_HandSolder,,smt
"C107, C109",2,1uF,C_0805_2012Metric,,smt
C108,1,4.7uF,C_0805_2012Metric_Pad1.18x1.45mm_HandSolder,,smt
"D101, D102",2,LED RED,LED_0603_1608Metric_Pad1.05x0.95mm_HandSolder,,smt
D103,1,LED GREEN,LED_0603_1608Metric_Pad1.05x0.95mm_HandSolder,,smt
D104,1,NSR0340HT1G,D_SOD-323_HandSoldering,,smt
FB101,1,BK2125HS601-T,L_0805_2012Metric,,smt
J101,1,USB_C_Receptacle_USB2.0_5077CR,USB_C_5077CR-16-SMC2-BK-TR,,smt
J102,1,PINOUT,PinHeader_2x06_P2.54mm_Vertical,,tht
J104,1,LiPo BATTERY,JST_PH_B2B-PH-K_1x02_P2.00mm_Vertical,,tht
JP101,1,SolderJumper_2_Open,SolderJumper-2_P1.3mm_Open_RoundedPad1.0x1.5mm,,tht
Q101,1,IRF7606PBF,MSOP-8_3x3mm_P0.65mm,,smt
"R101, R102, R103, R105, R108, R109, R110, R111, R121, R122",10,10K,R_0805_2012Metric_Pad1.20x1.40mm_HandSolder,,smt
R104,1,10m,R_10mOHM,,smt
"R106, R116, R117",3,20K 1%,R_0805_2012Metric_Pad1.20x1.40mm_HandSolder,,smt
R107,1,12K 1%,R_0805_2012Metric_Pad1.20x1.40mm_HandSolder,,smt
R112,1,2K,R_0805_2012Metric_Pad1.20x1.40mm_HandSolder,,smt
R113,1,1K,R_0805_2012Metric_Pad1.20x1.40mm_HandSolder,,smt
"R114, R115, R119, R120",4,330,R_0805_2012Metric_Pad1.20x1.40mm_HandSolder,,smt
R118,1,100K,R_0805_2012Metric_Pad1.20x1.40mm_HandSolder,,smt
"R123, R124",2,5.1K,R_0603_1608Metric,,smt
"SW101, SW102",2,TS-06104,TS-06104,,smt
"SW103, SW104",2,SW_Push_LED,LS601-CU_CAP,,tht
SW105,1,SLIDE_SW,SLIDE_SW_IS1235-G,,tht
U101,1,ESP32-C3-WROOM-02-N4,IC18_ESP32-C3-WROOM-02-N4_EXP,,smt
U102,1,INA228,VSSOP-10_3x3mm_P0.5mm,,smt
U103,1,SPX3819M5-L,SOT-23-5,,smt
U104,1,MCP73831-2-OT,SOT-23-5,,smt
U105,1,SSD1331_DISPLAY,OLED SSD1331 SPI DISPLAY,,tht
